{
	// Main HUD (Top left)
	"hud_text_time_off":    { "File": "hud_text_time_off.png", "Rect": "0,0,40,12", "Center": "0,-1" },
	"hud_text_rings_off":    { "File": "hud_text_rings_off.png", "Rect": "0,0,40,12", "Center": "0,-1"},
	
	// Extra character icons (_t means True name, _g means Glitch, and _es means Extra Slot)
	"hud_lives_icon_sonic_t":    { "File": "hud_bug_sprites.png", "Rect": "0,0,48,16" },
	"hud_lives_icon_tails_g":    { "File": "hud_bug_sprites.png", "Rect": "0,16,48,16" },
	"hud_lives_icon_knux_t":    { "File": "hud_bug_sprites.png", "Rect": "0,32,48,16" },
	"hud_lives_icon_g_es":    { "File": "hud_bug_sprites.png", "Rect": "0,48,48,16" },
	
	// Extras
	"hud_emptypx":    { "File": "hud_emptypx.png", "Rect": "0,0,1,1" }, // Empty Pixel
}