{
	"Metadata":
	{
		"Name": "Always Show Life & Time on HUD",
		"Author": "Juani12ok",
		"unique-id": "show-time-life-hud",
		"ModVersion": "1.2",
		"GameVersion": "24.02.02.0",
		"URL": "https://gamebanana.com/mods/561987\n\n              Now TIME won't show up on bonus stages!",
	},
	"Settings":
	{
		"List":
		[
			{
				"InternalName": "MOD_SETTING_LIFE_FLICKERING",
				"DisplayName": "Life Number Flicker",
				"Category": "Visuals",
				"Variable": "Flickering",
				"DefaultVariable": "0x00",
				"Options":
				{
					"0x00": "Off",
					"0x01": "On",
				}
			},
			{
				"InternalName": "MOD_SETTING_RINGS",
				"DisplayName": "Show Rings?",
				"Category": "Visuals",
				"Variable": "ShowRings",
				"DefaultVariable": "0x01",
				"Options":
				{
					"0x00": "No",
					"0x01": "Yes",
				}
			},
			{
				"InternalName": "MOD_SETTING_LIVES",
				"DisplayName": "Custom Life Sprites?",
				"Category": "Visuals",
				"Variable": "LiveType",
				"DefaultVariable": "0x00",
				"Options":
				{
					"0x00": "No",
					"0x01": "Yes",
				}
			},
			{
				"InternalName": "MOD_SETTING_TIME",
				"DisplayName": "Infinite TIME will...",
				"Category": "Visuals",
				"Variable": "TimeOption",
				"DefaultVariable": "0x00",
				"Options":
				{
					"0x00": "Keep TIME on HUD",
					"0x01": "Remove TIME from HUD",
				}
			}
		]
	},
	"OtherMods":
	{
		"bob-sparker-3air": // Sonic 3 & Tenna
		{
			"DisplayName": "Sonic 3 & Tenna",
			"IsRequired": "0",
			"Priority": "Lower",
		},
		"el-buen-hud": // Someone & Knuckles Better HUD
		{
			"DisplayName": "Someone & Knux Better HUD",
			"IsRequired": "0",
			"Priority": "Lower",
		},
		"Trio Watching Your Gameplay":
		{
			"IsRequired": "0",
			"Priority": "Lower",
		}
	}
}