{
	"Metadata":
	{
		"Name": "Always Show Life & Time on HUD",
		"Author": "Juani12ok",
		"unique-id": "show-time-life-hud",
		"ModVersion": "1.0",
		"GameVersion": "24.02.02.0",
	},
	"Settings":
	{
		"List":
		[
			{
				"InternalName": "MOD_SETTING_LIFE_FLICKERING",
				"DisplayName": "Life Number Flicker",
				"Category": "Visuals",
				"Variable": "Flickering",
				"DefaultVariable": "0x00",
				"Options":
				{
					"0x00": "Off",
					"0x01": "On",
				}
			},
			{
				"InternalName": "MOD_SETTING_RINGS",
				"DisplayName": "Show Rings?",
				"Category": "Visuals",
				"Variable": "ShowRings",
				"DefaultVariable": "0x01",
				"Options":
				{
					"0x00": "No",
					"0x01": "Yes",
				}
			},
			{
				"InternalName": "MOD_SETTING_LIVES",
				"DisplayName": "Custom Life Sprites?",
				"Category": "Visuals",
				"Variable": "LiveType",
				"DefaultVariable": "0x00",
				"Options":
				{
					"0x00": "No",
					"0x01": "Yes",
				}
			}
		]
	}
}